,body,thumbnail,originType,visitCount,businessName
0,"👍👍
쏘주를 6병이나 비우게 만드는 힘",https://naverbooking-phinf.pstatic.net/20220903_151/16622159274520HjVe_JPEG/image.jpg,예약,1,합정고깃집
1,"계란찜 중독성 있음
와규 굳",https://naverbooking-phinf.pstatic.net/20220826_247/1661501235525hAMzK_JPEG/image.jpg,예약,1,합정고깃집
2,맛있어요!가족끼리 엄마빼고 고기파티 ㅋㅋㅋ,https://naverbooking-phinf.pstatic.net/20220823_4/1661222333606YqMdQ_JPEG/image.jpg,예약,1,합정고깃집
3,정말로 야무져요..! 식당이 약간 소란하긴 한데 고기는 좋았습니당!,https://naverbooking-phinf.pstatic.net/20220821_144/1661052466264GpJHo_JPEG/image.jpg,예약,1,합정고깃집
4,주기적으로 가줘야하는 합정고깃집.. 갈때마다 고기도 사이드들도 맛있어요!👍 사장님도 친절하셔요🥺,https://naverbooking-phinf.pstatic.net/20220819_91/1660897870253rjypH_JPEG/image.jpg,예약,4,합정고깃집
5,이 가격대에 이 퀄리티 실화인가요??,https://naverbooking-phinf.pstatic.net/20220826_39/1661508766700BhHTS_JPEG/image.jpg,예약,1,합정고깃집
6,,https://pup-review-phinf.pstatic.net/MjAyMjA3MjlfMjM5/MDAxNjU5MDU5OTc3MzAy.QK2BkYNpK-pN7n911_sj1A0UlYhiCCXSKpmfaYhKi9sg.e8VcBA7bHNtgiDL17m78nqCVDMETM9Rostl2PT06imEg.JPEG/upload_2cbe288d6d368da9e242f543e31db2c8.jpeg,영수증,1,합정고깃집
7,변함없는 맛과 친절함. 안 찾을 수가 앖는 합정고깃집이에요.,https://naverbooking-phinf.pstatic.net/20220726_227/1658799429920LOb2i_JPEG/image.jpg,예약,8,합정고깃집
8,갈비살 시켜봤는데~~ 오 맛있어요!!^^또 방문하고 싶은 맘듭니다!!,https://naverbooking-phinf.pstatic.net/20220717_12/1658040371968OOw1m_JPEG/image.jpg,예약,1,합정고깃집
9,꼬기 엄청 맛있고 일하시는분들이 다 친절하셨어요!! ,https://naverbooking-phinf.pstatic.net/20220716_53/1657950829929X2Jst_JPEG/image.jpg,예약,1,합정고깃집
10,"친절하시고 고기도 너무 맛잇구요 낮술하고 기분좋게 나왓어요 다음달에 또 갈께요~^^예약하면 기분좋게 주먹밥과 묵사발 서비스구요~~
토요일 오후 4시오픈이라고 해서 주변 서성이고 잇엇는데 3시10분쯤  들어갓어요 ~👍👍👍고맙습니다 ",https://pup-review-phinf.pstatic.net/MjAyMjA3MTJfMTc5/MDAxNjU3NjI5MDI3Mzgy.OqZG_EkXNhHbpj-DcManzWraknVvn7ygHwXhYft3Xd0g.q4pFot0zZM-tIzG_D8jUG_GhaJHkY7HMq7PlbGsslTEg.JPEG/upload_ff95f6d8f60429bdf6bd69c9fe59b4fb.jpg,영수증,5,합정고깃집
11,흐앙앙 진짜 가성비 좋고 맛있어요 완전 추천합니다 합정가면 가야하는 고깃집임👍🏻👍🏻,https://pup-review-phinf.pstatic.net/MjAyMjA2MTdfMjc0/MDAxNjU1NDM1NDI2ODI4.P7AY3EPB-tsVlVzXXUZH32VUP6H7T7B_h7RRezjD5tQg.whnHdHyqDi-rfqF0Mf9j4vFBWREMh4kbjVeoKDnmqD4g.GIF/upload_bbacc6f61bcabeebca7b0cd5a68afe0b.gif,영수증,1,합정고깃집
12,맛있어요!! 친절하시구!! 재방문의사있습니닷!!,https://naverbooking-phinf.pstatic.net/20220703_208/1656830882488acELi_JPEG/image.jpg,예약,2,합정고깃집
13,고기가 참 맛있어요.,https://naverbooking-phinf.pstatic.net/20220612_243/1655017482862aTMdJ_JPEG/image.jpg,예약,1,합정고깃집
14,종종 가는 곳인데 이번엔 좀 간만에 갔어요. 여전히 맛있고 가성비 좋은 합정고깃집! 일찍가서 자리도 바로 착석하고 맛있게 먹고 옴!! 추천하는 동네 고깃집~,https://pup-review-phinf.pstatic.net/MjAyMjA1MjlfMTc5/MDAxNjUzNzk3MTIyOTAy.UFFbmrmutoyE2PG9xRnkovhvg4bwyeCW_Bwl1UgEDs0g.730APmAYqgDaK7dWtbl52sbESTy0cdlT3Hw4CDwd1mQg.JPEG/upload_990d50b7e6ee9d83ceaa16dac8e56b93.jpeg,영수증,3,합정고깃집
15,전체적으로 가격도 좋고 만족스러웠으나 손님이 많아서인지 너무 시끄러웠습니다 조용히 드시고 싶다면 다른 장소를ㅜ,https://naverbooking-phinf.pstatic.net/20220530_36/1653884502591xO9un_JPEG/image.jpg,예약,1,합정고깃집
16,"사진은 못찍는편임(아주)  고기는 맛나요~
제가 예약시간도 변경했는데 친절하게 응대해주시고 
너무 감사드립니다. 진짜 전부 친절하시고 고기. 맛나요 C세트 너무 좋아~",https://naverbooking-phinf.pstatic.net/20220520_77/1653058458373CeIrt_JPEG/image.jpg,예약,4,합정고깃집
17,"너무 맛있어요 ^~^ 
만족스러운 식사였네요.",https://naverbooking-phinf.pstatic.net/20220417_269/1650203010052m2vwx_JPEG/image.jpg,예약,1,합정고깃집
18,.......................,https://pup-review-phinf.pstatic.net/MjAyMjA2MTZfMjMx/MDAxNjU1MzA1NjYzMDY4.ktA9LjxTDOfOUaH8Uy1zD0JWGAqtyCmF_w6XOn_4vc0g.xCYLrZsdFhbLAu93S_sR6oei9-1YjCnOjXt4-ZhD88sg.JPEG/upload_5737f6c2c6b844fbf785a9e354b4c0b7.jpg,영수증,1,합정고깃집
19,"소고기 먹고 싶을 때 가는 곳.가성비 좋고.
한식 구성으로 파절이 된찌,계란찜, 주먹밥 모두 맛있어요. 묵사발도 깔끔하고요. 항상 푸짐하고 맛나요.
이날은 등심이 두툼하지 않았지만 보통 두툼하게 나와요.",https://myplace-phinf.pstatic.net/20220404_210/1649080005834FAHzr_JPEG/upload_6f883a10c2fede52e04492807c7b6130.jpg,영수증,2,합정고깃집
20,매장이 협소하지만 직원도 친절하고 맛도 너무 좋아요~~ 상등심 한정 수량인데 먹었어요ㅎㅎ 맛있네요 웨이팅은 미리 가서 기계 등록하는게 좋을 것 같아요,https://pup-review-phinf.pstatic.net/MjAyMjA5MThfNjQg/MDAxNjYzNDI2OTQyMDk5.ZM1CnSTO-hQvYJ65KFGi849Dc39-JipzYok8iDZQhpAg.LtgTpWkyQR-QtuQ-f5EH2Q5y7hlBrun_Q8PWkocbQRsg.JPEG/D456F7E2-E450-4118-BAB4-1769AB39BB54.jpeg,영수증,1,최강금돈까스
21,"서울 돈까스계 탑티어입니다.. 돈까스 여러 곳에서 먹어봤는데 어느정도 이상 돈까스집은 비슷하게 맛있는데 최강금 돈까스는 밥과 지리산 어쩌구 된장국, 드라이커리, 마지막으로 나오는 디저트 복분자 요거트 덕분에 마지막까지 느끼하지 않고 깔끔하게 질리지 않고 먹을 수 있어서 가장 좋아하는 돈까스집입니다..",https://pup-review-phinf.pstatic.net/MjAyMjA5MDZfMjEy/MDAxNjYyNDczMTkwNjc0.O3cX0Yj7FPVMxDGaac-BQJ52zRseRulWfNOFAbQsYH4g.GhZ48TpqmPlIFxK-7a83SY4m1BRPijnrYVpxr2LOQ98g.JPEG/70F74CCD-8459-49F9-A695-76197BBC2B85.jpeg,영수증,1,최강금돈까스
22,"돈가스 왠만한 맛집 다가봤는데
다 느끼했다 리뷰 또한 안남겼었다
그런데 여기 진짜 맛있다
기름도 새로 저기해서 청결하고 깰끔하다
돈가스 담백하고 맛있다
그리고 모자쓰신 직원분 상당히 기분좋게 친절하시다 ",https://pup-review-phinf.pstatic.net/MjAyMjA5MDRfMjk5/MDAxNjYyMjg1NjUwOTI0.iicoe3Gs1ehdBzfuh0obsxQ7ESAvZcmk8QI6I5CEKTIg.S1aqTVbC41LDeiDW-u5-XjYV7CLfTqXqft3u-vnhQz0g.JPEG/61CA2641-5133-4268-B618-64089D60991D.jpeg,영수증,1,최강금돈까스
23,"돈까스 진짜 진짜 진짜 진~~ 짜 맛있어요.
직원분들 진짜 친절하시고ㅠㅠ 번창하세요..!",https://pup-review-phinf.pstatic.net/MjAyMjA5MDRfMTQ2/MDAxNjYyMjg1NTY1NDY2.eJwv1uuSBSkPzqlxLuFnHIJ_reGfyTapMszRlyEC3_kg.ihg9tanII5C6pbH3P1Hr1MJCZGgZzp0XsoNyESW2I1cg.JPEG/73FC7D12-1CAB-4DF2-8340-67F35F474824.jpeg,영수증,1,최강금돈까스
24,"주문 누락됐다고 서비스로 오디리셔스 주셧서욤.

돈까스 맛있습니다. 별5개",https://pup-review-phinf.pstatic.net/MjAyMjA5MDNfMjA4/MDAxNjYyMjA1NzIyODMw.Wp2BG_hXBCmYu8R8mBjIZuiNQaPvLp9BCRb0X4K0g28g.qz44adBu_TWd3qadVpBugAIuc7j2FOqJfRNWQqosrJUg.JPEG/20220903_202824.jpg,영수증,1,최강금돈까스
25,비계?있는 부분 기름장에 찍어먹는거너무 맛있어요!!!! 다음엔 다른 메뉴들도 먹어보고싶어요,https://pup-review-phinf.pstatic.net/MjAyMjA5MDFfMjg5/MDAxNjYyMDI1MjQyOTI2.2m2xYjXK8FUVeTadAiY5vEHrwXFhxlu-mK0252pQXVUg.cKBtwNHRSs_mCipjMWnb_p14LOcKn2BRkjS5V4qOi18g.JPEG/84458706-03B8-4566-AFE8-B9C02F72A5EA.jpeg,영수증,1,최강금돈까스
26,"돈까스가 정갈하게 나와요. 국과 밥을 먹으면서 돈까스를 먹는 구성인데 양이 든든해요. 저는 커리를 같이 주문했는데, 커리향과 고수향이 쎈편이어서 돈까스를 다 먹을 때쯤 밥에 쓱쓱해서 먹었어요. 밥과 국은 리필이 가능해요. 토요일 12시에 도착해서 웨이팅 6번째였고, 40분 후 식사를 했으니 참고해주세요.",https://pup-review-phinf.pstatic.net/MjAyMjA4MjlfNjMg/MDAxNjYxNzM0ODQ1NDAx.XkqIpq8cqw244xSz53t9U7eaST88X1_8rW3JPDCd0dkg.1tal-Hnq94kwEFKEIeE1o9cF6RFWwuPj0-ISga9CGI4g.JPEG/2022-08-27-12-54-14-590.jpg,영수증,1,최강금돈까스
27,,https://pup-review-phinf.pstatic.net/MjAyMjA4MjJfMjg1/MDAxNjYxMTQ1MTI5OTgx.w6bjxImTeOklbBuaf6-xVApXOXpJg3r7FoYs5pT6EHcg.dx87TNmb7wuRi0_TP9AdCY3vmSsdey3MunfG2PaTkwUg.JPEG/upload_5238452a167facd358b2665ad8f1c04b.jpg,영수증,1,최강금돈까스
28,맛있긴 했는데 가격이 많이 올랐더라구여 …? 막 오래 기다려 먹을 만큼의 천상의 맛은 아니었슴다 …! 구냥 부드러운 돈까스 …! 한번쯤 가보는 것 추천해드립니당,https://pup-review-phinf.pstatic.net/MjAyMjA3MjZfMjM2/MDAxNjU4ODA0MzYyNzg2.mmbXFrEHd-Df_W8nMn566qFkVH9emuizZVCE7Hv_guIg.e7Vr7LnWCHf3NhklAROqrnpnOkMBBS35-B5J4EoMEi4g.JPEG/upload_8be3b823d292471578c9b906036475fc.jpeg,영수증,1,최강금돈까스
29,하...존맛..,https://pup-review-phinf.pstatic.net/MjAyMjA2MjVfMjI1/MDAxNjU2MTYxOTM1ODg0.vP7eJBP4iQl8N5I_Mw_f4Nj1OTT45co88TmwFJqQhyAg.__aYyQWOhK4kHLw4gIjDwtA_vxDiXszs5yF4we5Sgz8g.JPEG/upload_a881002d383b707e4b889a26db75634e.jpg,영수증,1,최강금돈까스
30,"일요일 오후3~4시쯤 갔는데
대기 3팀정도 있었습니다

밖에있는 테이블링 기계를 통해
대기할때 메뉴를 미리선택합니다~

등심하나.안심하나

메뉴판 설명대로 들기름

한방울 톡 톡.소스찍어 냠냠

다 먹어갈때쯤 후식 새콤달콤

요거트를 주십니다~

연인들 친구들 2인 팀이

많이오시는것같네요~",https://pup-review-phinf.pstatic.net/MjAyMjA2MjBfNTEg/MDAxNjU1NzM2NzQ0MzE5.Y7LZ23UxI3mpm9Wdjl9eBpfG0eU99pX1KRBS7tkDw2cg.pKdbjkFgBYyVFJi3MVfOIS0Cm5vY8Co9m5WXaTovMZYg.JPEG/upload_30bbc6071a5df5cbe381c2b2830c5031.jpg,영수증,1,최강금돈까스
31,"최강 돈까스
요물 들기름
엄마도 좋아하셨어요!!
웨이팅할 가치있는 집.
웨이팅도 시스템화돼 있어 편해요.
오래오래 번창하세요! 자주 갈게요!",https://pup-review-phinf.pstatic.net/MjAyMjA2MTRfNzUg/MDAxNjU1MjA1ODk4NDgx.qgwoVcODuHqVZwt3CkiUvnJVt3MvsLj2qboJj-2a-i8g.x1DFYne_LnAyDlrWr4vw1cIJV00-itdZa32MJT986a0g.JPEG/upload_c22159f686f42cd51dc0a5798b192770.jpg,영수증,1,최강금돈까스
32,"상등심,안심 먹었습니다. 다른 합정 유명 카츠집과 동등한 수준으로 굉장히 맛있습니다. 게다가 곁들여 나오는 장국 맛이 훌륭하고 잘 어울렸습니다. 디저트로 나오는 요거트도 느끼한 입안을 상큼하게 헹궈주는 느낌이라 좋았습니다. 
웨이팅도 테이블링으로 시간 계획 잘 맞춰서 방문하면 많이 안기다려도되고 좋은거같아요.",https://pup-review-phinf.pstatic.net/MjAyMjA2MDFfMjcy/MDAxNjU0MDU5NjY5OTQ2.0ARMaH22Y-uSoVKaN3W9dLnOffynOBJe4vik39VxiFog.31nUBB8_ETRX7HUOT1xm9PHUZErxFgEPr3xq_EtMZYgg.JPEG/upload_c282e9d214e93979a0613919820d768e.jpg,영수증,1,최강금돈까스
33,돈까스 진짜 좋아하는데 여기는 손가락에 꼽는 맛이에요.. 직원분들도 친절하시고 평일이라 웨이팅은 없었는데 진짜 식사랑 디저트까지 만족하고 갑니다!,https://pup-review-phinf.pstatic.net/MjAyMjA1MjdfMjA2/MDAxNjUzNjQ2NTQ5NDk2.ZicGt4YaieylbZYrfNv-aRTZumnNNQbWELx0sKdLxHAg.7HSlw7ea4wxZkxY6skc4cQx6_mWEa3JeK55XD_ibRdYg.JPEG/upload_a3323879af2c77705c861d6543a9c3b9.jpeg,영수증,1,최강금돈까스
34,상등심이 너무 고소하고 맛있어서 등심이 퍽퍽학 느껴질정도였고 들기름과 함초소금 그리고 샐러드 후식요거트 그리고 직접만드신 포도주스까지 모든게 완벽했어요. 포도주스는 따로 구매하고 싶었는데 판매 안하시는 거 같더라구요 ㅠㅠ 무조건 재방문 할꼬에요,https://pup-review-phinf.pstatic.net/MjAyMjA1MjRfMjk3/MDAxNjUzMzg4MzI2ODM4.TZrs8oNoeN-sCOOIk4OmG3B3U4Scb28H-Dry3RUIuyEg.HJbMHR-skf3coQyvYAzyLhZVjfVm--_d0w4-x4QA3PIg.JPEG/upload_b5b2c513c8499d753e7172baef3f9dda.jpeg,영수증,1,최강금돈까스
35,두번째 방문이에요 맛있습니다 다음번엔 상등심을 먹고파요..,https://pup-review-phinf.pstatic.net/MjAyMjA1MjRfMjk1/MDAxNjUzNDA0MzE3MTQw.fRmWWYSL1jLHtg3sf_XZtQVTcOQCUQ0nSxJx6ASgTzgg.Y2IyFjfo_eTmFtHSJQxA29QrAjoCnmCXq42qNVXlygsg.JPEG/upload_3a571ff9d4486bc7952196c9044991c4.jpeg,영수증,2,최강금돈까스
36,"평일 늦은 점심시간이었는데도 대기가 길어 기다리는 동안은 기분이 좋지 않았는데 착석하고 음식을 먹으면서는 불편함이 눈 녹듯이 사라졌습니다. 돈가스의 고기가 특별하고 튀기는 데도 보통 정성이 들어간게 아니었습니다. 돈가스는 물론 밥, 국,디저트까지 다 깔끔합니다. 식사하는 손님들이 대기가 많은 곳임을 감안해 배려하는 마음으로 식사 시간을 줄이면 더 많은 사람이 기쁨을 누릴 수 있겠습니다. 대화 진짜 계속 하며 엄청 길게 식사하시는 분들이 보이더라구요.
  ",https://pup-review-phinf.pstatic.net/MjAyMjA1MTlfMTgx/MDAxNjUyOTQxMjk0MTI2.UJonqM5Y27sBSUCm04q3wzaXQS7vPhtEjBp7MqtHV8og.tnJddWrRwo1-ziKVYJhCKiLu6xgsvZacQ9SMHlAIb30g.JPEG/upload_76e45a49f548bf7e23a5959fec0f5c83.jpg,영수증,1,최강금돈까스
37,"하이볼은 솔의눈맛이납니다.
밥이랑 된장 추가되니 부족하신분들 더받아드시면 될거같네요
좀 비싼돈까스맛집들이랑 큰차이없습니다",https://pup-review-phinf.pstatic.net/MjAyMjA1MjBfMjkw/MDAxNjUzMDAzMTAzMDk1.ek_3LlKYjKZ4svcuBmz1GJSeC5Mc2XGnNSwY-BXUHUEg.yxW4QpXDmpET9fg4CePrIUIFyEc4QvywyrRAjIYmh-Ag.JPEG/upload_aa6e89471e8b2c3f2b1f5344b561510e.jpeg,영수증,1,최강금돈까스
38,오후 2시 반 쯤 갔는데도 웨이팅 많아서 한시간 반 넘게 기다렸다가 먹었어요! 기다릴만한 가치가 있을 정도로 돈까스도 맛있고 직원분들도 너무 친절하시고 마지막에 주시는 후식 요플레까지 완벽했어요😋👍🏻,https://pup-review-phinf.pstatic.net/MjAyMjA1MjJfMTUw/MDAxNjUzMjA1NTA0MTM3.DaqN6riZru4nWQS0tpepkEWayp8KGB12TlYmX9gOBMkg.AD2BopVJoUoYJDuqF-gO6w9H6Z74nSbsTJORKHI7xtQg.JPEG/upload_23e2b78e198ca8e2fa9d154425a96d7b.jpeg,영수증,1,최강금돈까스
39,,https://pup-review-phinf.pstatic.net/MjAyMjA1MDZfMTEw/MDAxNjUxNzg5MzI2ODc5.83cZ5TRQ75jwz9CFhcj_5ypHZxGNyYISUfmDX55L4nwg.Urzx8VjBzcY0m241QlHvOxDtP_GvnMGj8ljnVdpT1kIg.JPEG/upload_e141502592cc7c3a4ac25a2a57e31339.jpeg,영수증,1,최강금돈까스
40,토마토 넘나 맛있고 차슈 넘나 맛있어요 매운맛 국물 시원하고 맛나게 잘먹었습니다,https://pup-review-phinf.pstatic.net/MjAyMjA5MTVfMjAy/MDAxNjYzMjQ4NzQyNDUy.nQ4ZRLo0JPtnXs2GrRdgjIQmrbRai31uPqQlElb2ACcg.gVX1Q9x5BMM7su3_LYHYRntKRnQ8QIHIGjZVCpzkuywg.JPEG/20220912_124556.jpg,영수증,1,잇텐고
41,,https://pup-review-phinf.pstatic.net/MjAyMjA5MDlfMjkz/MDAxNjYyNzMxMTg5NTY1.R_4UzuY62osq-sf28u21NAqVgDo1PcAUmsuSBVhTDiog.s30D_px_sPayzehpCzHxqXhoWSwU3Ik2zdd3YkHjVjAg.JPEG/20220909_183103.jpg,영수증,1,잇텐고
42,,https://pup-review-phinf.pstatic.net/MjAyMjA5MDJfMTY3/MDAxNjYyMTA4ODk1MTQ4.mTCCorL2V8WMuLoSkRjDYtcl75pykFXxakq-QVPODvYg.CG-M6aowHf8LrqtbOgH9y4-VbCXCgWaJe9FjA4tLflAg.JPEG/20220902_172817.jpg,영수증,1,잇텐고
43,"바질라멘과 매운라멘
개인적으로 매운라멘이 더 우리 입맛에 맞는듯 맛있었고 면발도 얇아가지고 맛있맨
바질라멘은 바질 향을 제외하면 큰 매력이 없ㄷ..
하지만 불맛차슈와 차슈동은 짱먹어라
p.s. 이집 서빙은 성격이 원래 그런건지 센척을 하는 건지...",https://pup-review-phinf.pstatic.net/MjAyMjA5MDJfMyAg/MDAxNjYyMDg0ODAzMzk5.I9YIh73aKcak3JuIm4Fj9VO1ThJ85hGGMwsdjzQPfmIg.ZrjMjqwJGCN7kLlmKQMIjKHIySWEQQL_1osELss4BFEg.JPEG/585BC856-9394-4079-B811-0EA20B13C40A.jpeg,영수증,1,잇텐고
44,몇년만에 방문하였습니다~! 예전보다 바질맛이 강해진? 느낌이였어요. 그래도 오랜만에 바질라멘 맛있게 먹고 갑니다!,https://pup-review-phinf.pstatic.net/MjAyMjA4MjdfMTI5/MDAxNjYxNjExMzg2Nzc0.2oXy9Ik-GL3novL-6diu0USRM0cgRcXKlUlAPWyv6gog.hNO5bJ_q9DnCECW-sxKfM2cDFc0p89ziTKK9Z3PPun8g.JPEG/D906E6D7-BAE2-47A1-B34E-297DD8E9616B.jpeg,영수증,1,잇텐고
45,바질은 호불호 갈리는것 같은데 저는 바질과 라멘국물이 잘 어울려서 너무 좋았고 매콤한것도 맛났어요. 차슈도 맛있고 사이드메뉴인 밥도 좋았습니다. 너무 친절하세요!,https://pup-review-phinf.pstatic.net/MjAyMjA4MjFfNDEg/MDAxNjYxMDg0OTQxODIy.CB8OLDS9tAXGrD0aQl_97PzBkNjpNk-1CXz0STx_Se0g.6Bw9oCqQL-JOIfNwM4gCUnAmykuroZK4yZB2DwC0jwIg.JPEG/upload_1be0df6a98dcf3a3d624ade7e18d9d8f.jpeg,영수증,1,잇텐고
46,(3.5/5) 바질라멘에 타마고 넣어먹고 면 추가해서 더 먹었어요. 예전에 16년도쯤 먹었을때는 바질이 들어간 음식이 흔한 편은 아니어서 되게 인상적이었는데 요즘은 바질이 들어간 음식을 쉽게 접할 수 있어서 되려 약간은 평이한 느낌이 들었습니다. 그래도 가성비가 좋아서 근처를 지나게 된다면 가끔 먹을 것 같습니다.,https://pup-review-phinf.pstatic.net/MjAyMjA5MDFfMTQy/MDAxNjYyMDE2NzcxMjU4.hy0qfheXmDdG0O_WtunWBM4kDyocKPHkIZOpn0eZvncg.lzUu9YDZrutIiErQcy92OH4VHn4LHNfS53C7VOjQB1kg.JPEG/43214CE3-01F4-4425-80FD-484A18DEEC61.jpeg,영수증,1,잇텐고
47,바질 라멘 호기심반 기대반으로 갔는데 맛있네요! 토마토와의 조합이 너무 좋았어요. 웨이팅이 있긴 했는데 테이블 회전이 좋아서 기다릴만했어요.,https://pup-review-phinf.pstatic.net/MjAyMjA4MTlfMTg5/MDAxNjYwODg5NzkxOTAz.BEQxdnb7q0tJO8hVVUcsVhLjxyhVwesCPSJ_ULoJbjsg._hNU3nt_bY-XYKFm672_gCnMGXOiLSRWZ2PdD-2rRaMg.JPEG/upload_a2797cc4fbc13c45ca03b6e075816b27.jpg,영수증,1,잇텐고
48,바질라멘 특이하긴 한데 좀 느끼하고 웨이팅 한시간씩 할 정도는 아니긴해요ㅠ 매장이 작아서 웨이팅을 생각보다 길게 해야합니다.. 들어가면 음식은 빨리 나와요,https://pup-review-phinf.pstatic.net/MjAyMjA4MDdfMSAg/MDAxNjU5ODUwMzQ1MTM4.WKO5NtwPakX3RHJolkI5ze4pQNHXlEGJ__7zziueVOQg.FZGazayyQt4FkaympPooRqTmReOXvYvIk9iizs-pzeAg.JPEG/upload_e4430411ef6d05cccc8eb05c8be38f10.jpeg,영수증,1,잇텐고
49,"아빠와 둘이 방문해 메뉴판에 있는 모든 메뉴를 먹었던 즐거운 추억이 있는 식당인데, 정말 오랜만에 혼자 방문했어요!
어느새 웨이팅 장난아닌 식당이 되어있더라고요. 근데 오픈런하는 사람들이 많아서인지 오히려 1시 언저리에는 사람 없었어요!
음식 다 맛있는데 차슈덮밥은 간장탄맛이 강해서 저한테는 안맞았어요. 혼자 먹고 싶은 거 다 시켜서 깔끔하게 먹고 왔습니다🫶🏻 토마토쯔게모노는 머릿수대로 주문 필수예요!",https://pup-review-phinf.pstatic.net/MjAyMjA4MDhfMjcy/MDAxNjU5OTU3MjU1NTY4.aPZ9Ggg2RcLRnRmqZ0ODIV7RuWeYu761P5XUX8AnwVgg.IZji6gUM2t6ulZj2x8BHD-N-23UpxT8i4YIiYAZs_Ysg.JPEG/upload_f2556fff5b7bf867424e8c55f9c98a7a.jpeg,영수증,1,잇텐고
50,"둘이 가서 거의 모든 메뉴를 다 먹었는데요, 제 원픽은 바질 라멘이에요. 바질향이 은은하게 나는데 진짜 고기 잡내도 잡아주고 너무 맛있었어요. 그 다음은 미니차슈덮밥인데요, 이거 꼭 드시는거 추천이요! 짭쪼롬하니 진짜 맛있습니다 ㅎㅎ",https://pup-review-phinf.pstatic.net/MjAyMjA4MDRfMTc3/MDAxNjU5NTQwNTYyMTM4.Qb0UX6In2o3pR3GU8HZ8NokclmWa2LRw_7NBPXq1S2sg.57Rl0LZm3NNT1_Qhps8qrdq4Su0P_Y3DvNbgQK9KRiMg.JPEG/upload_2cda5685afb4a1ffca023442c4b92f1d.jpg,영수증,1,잇텐고
51,"또 먹으러 옴,, 이번엔 다른거 먹어야지~ 하면서 맨날 바질라멘만 먹음 ",https://pup-review-phinf.pstatic.net/MjAyMjA4MDJfMTEg/MDAxNjU5NDMzNTg5MjM2.DGHTVMFPczGk-dB4Lbx5C2oq3x2OYO7RVI7QZChWJNUg.FgGxefSINMkwBudaciNzxcle4xdFge2kfK1qpJ3vh7Ug.JPEG/upload_676f667db39a65ef45d13c4f7b1be7e2.jpeg,영수증,1,잇텐고
52,"바질라멘, 매운라멘에 계란추가해서 먹었음
바질향이 충분히 나는데, 너무 세지 않아서 좋았음
그리고 면이 얇고 맛있음!! 술술넘어감 
근데 사바사겠지만 굳이 다시 찾아가서 먹을거같지는 않은..!? ",https://pup-review-phinf.pstatic.net/MjAyMjA3MTdfMjUw/MDAxNjU4MDYwODc3ODE0._vusrj_9gPk-I5w3NdrtVPokgVlDCq7QvoHgJ9S1sF0g.BVNSW7yBROmVJlvJbCuVyWhZewpuNKOSRKVfqA5H8z4g.JPEG/upload_41bcde131a94869e9ce4d4f03c40b0d3.jpeg,영수증,1,잇텐고
53,역시 라멘성지' 맞습니다!! 라멘의 깊은 맛과 면발의탱글함 대만족이에요. 매장은 작자만 유니크하고 회전율도 좋아요~ 사이드메뉴들도 매력적이에요♡ 다만 주차는 셀프로 알아서 하셔야 해요~~,https://pup-review-phinf.pstatic.net/MjAyMjA3MjFfMzQg/MDAxNjU4NDA4OTkyNTk4.Eqz-tKlPj939LLLdnAA8KT9GYsZQMFtVB6Y7e_nGYqUg.7Gjpic5a6rbUNdNyOAnSR02UWkjVULZ8lB1hAGHe_Ygg.JPEG/upload_84de2d5e44bdf1c78daaf509d3bee4c6.jpg,영수증,1,잇텐고
54,라면만 드시면 양이 좀 적을수도 있어용 미니 챠수동 추가 해서 드세요! 맛은 기가맥힙니다👍👍👍,https://pup-review-phinf.pstatic.net/MjAyMjA3MTZfMjgg/MDAxNjU3OTQwNzc5NTM4.3zAh6b93V_QMk1vgKJvPv0M9Mj6jDXL9cqmfL0dKhFog.wt7m6DCBHgU5BtsRHyjrOb5WL2mpdX51_cDdRG9Qqacg.JPEG/upload_dc53ed41cd1b09d369d80448c4cca9e8.jpeg,영수증,1,잇텐고
55,바질라멘 입에서 막 팡파레가 울린다 그런 맛은 아닌데 자꾸 생각나서 오게 됩니다. 토마토 절임 입가심으로 먹으면 딱이에요,https://pup-review-phinf.pstatic.net/MjAyMjA3MTZfMTYg/MDAxNjU3OTQwNzQ3MDE5.da8M-ur42dOA0UOLMwNToc8_RbfOUwdb0mujgIRNCxYg.hytY6DOQSOHj77X7b1EyZ7haaDPqZ1myzHXmtWrj2EUg.JPEG/upload_7fb0d78a13c167e445df0e1a6192223b.jpeg,영수증,1,잇텐고
56,완전맛있응 바질라멘짱,https://pup-review-phinf.pstatic.net/MjAyMjA3MTRfMjY1/MDAxNjU3NzkxMjQ0MjUx.J_OezUCA60zC6f_qeXGo7AstI2Lf3ep-CXRGMDY5IBYg.1p5R2gJYvNiCzxGW7EvgCtSzZh-4OLz6qhkhOLIFzX0g.JPEG/upload_cbb44c1ab726187838781d8331df57d6.jpg,영수증,1,잇텐고
57,40분정도 대기하고 먹었는데 1시간 이상 대기하면 굳이 기다리진 않을 것 같아요! 바질라멘은 호불호가 엄청 갈릴 듯. 저는 개인적으로 바질 좋아서 호였어요 근데 계속 먹을 수록 물리는 느낌은 약간 있긴함! 토마토절임은 어떻게 만드는 거죠 넘 상콤하고 맛있당 😝,https://pup-review-phinf.pstatic.net/MjAyMjA3MTBfNjkg/MDAxNjU3NDUwNzQwMDk2.IiJpF-iQ5e4MmNjetTWWV9_QvL1FNMdDzEeA0ADdJhIg.9BeVsbC6MqIVIACcD-eOPbsS_1bkgc0dLLO6Xxg11W8g.JPEG/upload_72f9f8cb2bc08518f2c78ac1fec8015a.jpeg,영수증,1,잇텐고
58,바질라멘 특이하고  좋네요,https://pup-review-phinf.pstatic.net/MjAyMjA3MTBfNzUg/MDAxNjU3NDI5MzQ3OTYw.8GdogHmrtdSE9WVML_b2IJyBpeoOLa4hnBMlov8SKIQg.GYmxoOuaACCXl82ap7n0XNN9wdT2Trs1AAmbSv2PPYQg.JPEG/upload_9cfa700729c3325df891e8116889752f.jpg,영수증,1,잇텐고
59,,https://pup-review-phinf.pstatic.net/MjAyMjA3MDlfMjY3/MDAxNjU3MzY5NTcwOTUx.dFjxPhnF6vhGxogkN65n0xzTyANBbovUEBrpg8QETy8g.1XQMVd16ztW8tpNaG9j1Zp6rXBKbyrFvPBaRwrUIGn4g.JPEG/upload_5fd3c6812ea21b2937c5f921da0caf01.jpeg,영수증,1,잇텐고
60,"쉬림프 오일 파스타는 나쁘지 않았고, 채끝 스테이크는 제 기준 조금 질겼어요. 그렇다고 가성비는 또 아니었습니다. 물론, 굽기 정도를 요청할 수 있었겠지만 ’굳이 채끝을 이렇게까지..?‘싶었습니다. 

맛과 메뉴, 분위기는 평범했고 직원분은 친절하셨어요. 항상 건강하시길 바랍니다!  

채끝 스테이크 2.5/5

쉬림프 오일 파스타 3/5




+ 모기가... 있었어요. 다만 일시적인 이슈일 수도 있습니다. ",https://pup-review-phinf.pstatic.net/MjAyMjA5MThfMTI5/MDAxNjYzNTExODM0NTU0.RQ2jzBb9XPKmGmX4K8djzr9Rk4pUos-9jIcHLSFOY8og.RGjNm8CKe60uabBOD2jHZvaDTDJcWfpnw_fT_8QgLX4g.JPEG/A2D8D9AD-5C72-4F1A-A4F0-8D86A15D6CB6.jpeg,영수증,1,아우룸
61,음식 특히 크림파스타가 넘 맛있어서 두 번 방문했어요~ 분위기가 저녁이 더 좋아요! 서비스 응대는 그저 그래요 통닭리조또 말고 다음엔 새로운 메뉴 먹어볼래요,https://pup-review-phinf.pstatic.net/MjAyMjA5MTNfMTg3/MDAxNjYzMDYzNzU1NTY0.gztMW4T0e4gKRfsQyGrlWYUBJH3NSwwA-biedo1LBGIg.20mz3o2wCl0YiZchS9d9tG62NjOUn6adYuiNQAOBCAwg.JPEG/21B28276-80CD-41AB-9BD6-4DCF67C35C36.jpeg,영수증,1,아우룸
62,"진짜 맛있게 먹었어요. 특히 라자냐👍
그런데 통닭먹물리조또는 제일 비싼데 맛은 쫌...
아쉽네요",https://pup-review-phinf.pstatic.net/MjAyMjA5MTJfMjE5/MDAxNjYyOTQ0NzAzNTQ3.egPcu7Z9XH7TRqst_LE8bJQYlUwQwYrQTSpgiWtUVg8g.fBkhPxs_ii7vMHb_JgdFZJp2Mc3jKfypH79QZJEyYbIg.JPEG/IMG_20220912_094145_470.jpg,영수증,1,아우룸
63,메뉴가 하나같이 다 맛있어요 가게는 아담한데 분위기가 좋아요 또 가고싶음,https://pup-review-phinf.pstatic.net/MjAyMjA5MDNfMTAy/MDAxNjYyMTc4MTgzNTYy.rdZ4SJj0PCpIBHsKybo_bFfPxqrDCoYGfKNraj88SGAg.CutTM6Szq9BmeOnQiHq0LB-giZ4OTQbCrciHjtTVMfkg.JPEG/5C3C5279-27BD-4370-96D2-49FC40AE0DD0.jpeg,영수증,2,아우룸
64,진짜 맛있어요 ㅎㅎㅎ,https://pup-review-phinf.pstatic.net/MjAyMjA4MzFfMTQx/MDAxNjYxOTM0NjEwOTc4.g9e0o9Dm19TcKwAxE0EoX8fPj6ABjL8co6cLH-gi0qUg.3edqarJ0erSlQhTNJAQe2nGHv0InPXaV2Ma6nQ-oRVsg.JPEG/20220831_123415.jpg,영수증,1,아우룸
65,소개팅하기도 모임하기도 좋은 곳 같아요 음식도 맛있구 엄청 친절하셨어요☺️,https://pup-review-phinf.pstatic.net/MjAyMjA4MzBfMTMw/MDAxNjYxODU4MjA2NjE3.mLDdqF3_BBnzOH5YTLwnlP6OE44oFei_vMxhNvMJCpYg.N0BaIC93NGmKnWZjna3ZzIyF6eVKAX218XQZNHxtdm4g.JPEG/6BF70107-2CC2-42EF-9BEA-F31CFA1DA768.jpeg,영수증,1,아우룸
66,"라자냐랑 크림파스타 너무 맛있어요! 이 두 메뉴 추천합니다. 통닭 먹물 리조또도 시켰는데 이건 무난했어요 
주말 4시쯤 방문했고 웨이팅 없이 들어갔는데 1시간 이후부터 웨이팅 생기더라구요~
다음에 또 방문하고 싶을정도로 맛있게 먹었습니다!",https://pup-review-phinf.pstatic.net/MjAyMjA4MjlfMjEg/MDAxNjYxNzYxNTM0MDE5.0IOaaCXoX45VJqsyLfuJ9fe3-xTLTXO-F2fDzVlyZDUg.0mfzBLX2EbjPvPqu6iQAVKVvpXkLSltK0f2aT-LVGXcg.JPEG/FC97BA18-574D-4363-A3BD-AF2EC75D4246.jpeg,영수증,1,아우룸
67,"리조또, 라자냐 정말 너무 맛있어요’ :)",https://pup-review-phinf.pstatic.net/MjAyMjA4MjhfMTU5/MDAxNjYxNjQwNTU4MjM4.c9RESNTl2vf0iF_eWCERvBHm0PPTUHF2pLX06KM57eQg.a7H6U13aVpxcAa5FXzwgsYHA6vm25g-HKhHxxOT5IV4g.JPEG/611DB036-B2BA-4F67-A50E-5BC778AAEE15.jpeg,영수증,1,아우룸
68,,https://pup-review-phinf.pstatic.net/MjAyMjA4MjdfMjUw/MDAxNjYxNTk3Njg4ODky.mp4iL4taU5gPWodYKmNw--bP8MjCXXVlNSvy5ROvo90g.DCHzzU4J3BpL-Tm5jGRXgLgQCLNR2HV4KhiLpJ9ZS_Eg.JPEG/A09BE26C-BFA9-4C9D-A86F-E98E4E65F167.jpeg,영수증,1,아우룸
69,모든 메뉴가 다 맛있어요+_+ ,https://pup-review-phinf.pstatic.net/MjAyMjA4MjdfMTE1/MDAxNjYxNTc3ODUyNDk4.NpRjmHVGJCWZnIqLauVPepSYAm1yH3t-fV6LNwROAt8g.4OA-_W-OCtI3BC2XnkLnr4DFwRSV2DplGPz0fZ5fpAog.JPEG/EDE7DAD9-DA71-4265-837E-58A6A105EA02.jpeg,영수증,1,아우룸
70,,https://pup-review-phinf.pstatic.net/MjAyMjA4MjdfMjE5/MDAxNjYxNTc3NzY2Nzcx.UnaXLYmP0Vk0oLz9ae-blCLnLxvw8i1urlCYTfmmFgYg.oKhkq_1ey2u9LTsXooHjHdzH-KTCWlW-ov9vbZLs1Gwg.JPEG/5D845563-1563-4AC3-8B11-C0D3A624E17C.jpeg,영수증,1,아우룸
71,"메뉴들이 넘넘넘..맛있어요ㅠㅠ 양이 엄~청 많은건 아니지만 성인여성 둘이서 두개시키고 에이드 하나 먹었는데 배 왕왕 불렀습니당
메뉴가 진짜 너-무 맛있어요 흔해보이지만 맛이 띠용 입니다(넘 맛있어서)
꼭 가보세요",https://pup-review-phinf.pstatic.net/MjAyMjA5MDVfMTE5/MDAxNjYyMzg1ODM1Njgy.zZOHH-FWi4qTDn1_v9ucvNpBel9rrnZSb-VFCrAGHGYg.QarGvCffIzMemqaqLS1djFNOYkYoe6Xz-nKtvMNCw64g.JPEG/D9769395-92F9-4C25-96BC-63BE8BD82290.jpeg,영수증,1,아우룸
72,"음식은 맛있어요.
제공되는 자리에 비해 양에 비해 음식값은 제법 있어요.
파스타 양은  크게  두젓가락쯤...  맛있으나 아쉬움..
주변 분식집으로 바로 달려감.",https://pup-review-phinf.pstatic.net/MjAyMjA4MjVfMTAz/MDAxNjYxNDExNTQzODI1.rlXcbtsF-Upx9OuYcVEDI2bv6gachLapN_CeNNihd8cg.KHG80isjQHTXbysrUFeMbjK4V-vYJ9f3q8kWOP0G9L4g.JPEG/1661408949933-29.jpg,영수증,1,아우룸
73,라자냐가 존맛이에용! 꼭 시키세요..!,https://pup-review-phinf.pstatic.net/MjAyMjA4MTlfNDQg/MDAxNjYwOTEwNzc5NTM3.XsVFAmI3sN7RH7pl7Ghvc0pMjS4Vz8J5xzKk9guqykAg.EU8aK9-hqdaG1Njv4apUZ6TO2LrWnCy08_joDkiq0-Ig.JPEG/upload_2a2dc5daf1f4566b32bcae8af9572a10.jpeg,영수증,1,아우룸
74,"라자냐 새콤하고 진짜 맛있어요! 
채끝 스테이크는 감자에서 무슨 향이나서 뭔가 했더니 트러플 향같아요!!! 생각보다 고기도 크고 부드러워요ㅎㅎㅎ와인도 너무 잘어울리고 기분좋게 잘먹었습니다🍷",https://pup-review-phinf.pstatic.net/MjAyMjA4MTVfMTgw/MDAxNjYwNTY0MTcyNjMw.iZu46u6dP6Bg7VqICsTQa6StpAmIeWJUXL3rTXAof_wg.ob4I2QK1LkMDsMzylYGUMvK3a6nZxWzdirDuknKXIUkg.JPEG/upload_4e194f5af995a79c3a4f87be91d000ee.jpeg,영수증,1,아우룸
75,"파스타는 맛있었고 라자냐는 토마토소스라서 생각보다 쏘쏘했어요!
양도 적어서 조금 아쉬웠습니다!",https://pup-review-phinf.pstatic.net/MjAyMjA4MDZfMjQ2/MDAxNjU5Nzk0MjUxOTEy.kKoT_GYaAIkH70gyyfds-0Dha9KIMkNy7iuBBbpJSdIg.eKKqgCjIxEJKMs9JJZQLykFvlhXqT_HBEwc1fkWC5BYg.JPEG/upload_bc8c73d135b73bd9db5c65199a1a105f.jpeg,영수증,1,아우룸
76,라자냐랑 통닭리조또 먹었어요~ 라자냐가 진짜 맛있어서 깜짝 놀랐습니다!,https://pup-review-phinf.pstatic.net/MjAyMjA4MDRfMzQg/MDAxNjU5NTQwMjMyOTgw.8KIfEJbm319Y4DX6zXd7if5kk1_BVUhsWNHvgv-Xhssg.xfO-ui3HToDxS5Po2W7XJfVwQkb8ElALDOV9eBImR5Ug.JPEG/upload_20c13b7ed70f7187d37db298d13ed4e7.jpg,영수증,1,아우룸
77,"라자냐는 추천!
홈메이드 스타일 라구 소스가 맛있었습니다~
먹물 통닭 리조또는 좀 아쉬웠어요.. 
리조또가 짠맛이 너무 강했고,
과자&리조또&옛날통닭의 조화가 애매.. 
(비주얼은 일등..)",https://pup-review-phinf.pstatic.net/MjAyMjA4MDZfNjQg/MDAxNjU5Nzg4MDQwMDA2.-fx0Gwx0nk71jCgYqwai0gODOHBOh2oYyFJMiZmcj8Yg.d52MyXhataFPhMnssuCsNnZnFdmCXeQ5mFVGdD7gzTsg.JPEG/upload_36a903cdc93ce9a117d41f8c3272a736.jpeg,영수증,1,아우룸
78,맛있었어요~ 양배추 피클은 따로 요청하면 주셨어요~,https://pup-review-phinf.pstatic.net/MjAyMjA3MzBfMjIx/MDAxNjU5MTQzMjYxODEy.E4V9a8jKTTHEFmhJTWSoDP8cVT0BrfWClIeORUHhMDYg.g7qHLWeqwiXJs-cxLY1q1oN8mXWrackr4B77q8TuoVkg.JPEG/upload_89b20601e501f82e795c9b0683db5bfb.jpeg,영수증,1,아우룸
79,"음식은 맛있고, 사장님 직원분은 친절하셨어요. ",https://pup-review-phinf.pstatic.net/MjAyMjA3MjhfMjA0/MDAxNjU5MDA4Nzk2NTE2.S5G-8B0-Lzp-_p9yNGVjlcIJgTvRx4mioBjJhFidq7Mg.QHJzjZ6Ykh12WRF-bAyMkXFdQ4iVIvdGVQ1VahF3Okog.JPEG/upload_7c58fd89072ab9a1e6e4727b8b2a8450.jpeg,영수증,1,아우룸
80,"음식도 다 맛있고, 음식에 맞게 나오는 오늘의막걸리도 넘나 잘 어울리고 좋았습니다",https://naverbooking-phinf.pstatic.net/20220918_291/1663468181378suUti_JPEG/image.jpg,예약,1,지리
81,"음식이 예쁘게 나오는 것 만큼 너무 맛있었고, 설명도 잘해주시고 좋았어요:)",https://naverbooking-phinf.pstatic.net/20220915_259/1663206849958fN9eL_JPEG/image.jpg,예약,1,지리
82,음 스시오마카세 중저가 런치코스랑 금액 비슷한것 같은데 ㅠㅠ 주류 필수인 점이 좀 부담이었어요. 사실 메뉴중에 그렇게 비싼 금액이 들어가는 재료가 있었는지 싶네요. 손이 많이가고 건강한 느낌이라 좋았어요. 다만 다 인원이 가서는 조금 금액적 부담에 있는 것 같아요. 2인당 보틀 1병이라서요ㅠㅠ,https://pup-review-phinf.pstatic.net/MjAyMjA5MTFfMjU4/MDAxNjYyODc2OTcxNzA1._PPVEPRN7QA-4NJVrMaAqcmcyu4pz3bT4WJnxn9c6VMg.R0EReKlKU_7KAv_J5auKpbbgLlbR922nl7wtrRGaKwsg.JPEG/8E8264D8-D21E-4529-BAEB-BE63F432F5E7.jpeg,영수증,1,지리
83,"분위기도 좋구 음식도 다 너무 맛있었어요!
남녀노소 누가 와도 다 만족할만큼 좋은 장소라고 생각합니다!
계절마다 바뀐다고 들었는데 앞으로도 계속 주기적으로 방문하고 싶어요",https://pup-review-phinf.pstatic.net/MjAyMjA5MDRfMjI1/MDAxNjYyMzAyMDMyNjU1.-Si13R368SEzQmIFGwkyCHHv48kTwekDpa_H3-A6hl0g.MkQflrlPrBXXKSyeJpNH1SZFr0xj3PGaIC6hrjRtgP8g.JPEG/A08201B4-2A32-48A4-AA79-6F4F590B4667.jpeg,영수증,2,지리
84,"지리산에서 살아서 서울간겸에 우리 지리산음식이라니!!! 하면서 기대가 많이 된 음식점이였어요! 맛과 분위기 다좋았어요ㅠㅠ진짜.. 사실 콩물도 안좋아하는데 싹싹 긁어먹었어요 ! 꼭 다음번엔 부모님 모시고 오려구요! ,,,, 🔥",https://naverbooking-phinf.pstatic.net/20220903_273/1662194800342Yd9VC_JPEG/image.jpg,예약,1,지리
85,음식이 모두 맛있고 친절해서 즐거운 시간 보냈습니다. 가츠샌드는 꼭 추가하세요~!,https://naverbooking-phinf.pstatic.net/20220903_145/166219179494265af1_JPEG/image.jpg,예약,1,지리
86,여름지리메뉴 맛있게 잘먹었습니당💓,https://naverbooking-phinf.pstatic.net/20220822_84/1661102201510sEsnT_JPEG/image.jpg,예약,5,지리
87,"처음 방문했는데, 친절한 인사 해주셔서 대접 받는 느낌이 들어서 좋았습니다. 정갈한 음식 과 다양한 막걸리 설명 도 좋았고, 음식 과 잘 어우러져 더욱 맛있게 먹었습니다. 그리고 여러분 돈까스 는 추가해서 꼭 드세요..!!!정말 맛있게 먹었습니다…!!",https://pup-review-phinf.pstatic.net/MjAyMjA4MTlfMTEz/MDAxNjYwOTAyODM1Nzc1.07UP7y_CZGXNw-G3tIbS0WYwLfzfQek3lo0sC1_0JLog.9trboPdlpJwTO-dK8TywjoKB6hCZifKqZNCuI6EIcXUg.JPEG/upload_3c6c75e367c75a6ce556d0bc34dfb08c.jpeg,영수증,1,지리
88,기념일에 오기 너무 좋고 프라이빗한 분위기에서 대화 나누며 식사하기 좋았습니다.,https://naverbooking-phinf.pstatic.net/20220814_152/1660459387274EgJFC_JPEG/image.jpg,예약,1,지리
89,"너무 만족해요! 
좋은날 또 가고싶을 정도에요 :)
음식을 내어주실때마다 설명도 곁들여주시고
막걸리도 음식이 맞게 추천해주셔서 감사했어요!

아쉬운게 있다면? 딱 정시에 문을 열어줘서 요즘 같이 덥고 습한 날씨에 밖에서 대기를 해야한다는 거에요ㅠㅠ 어쩔 수 없는거겠지만...예약 시 안내멘트로 살짝 언급해주셨으면 시간 맞춰 갔을 것 같아요ㅎㅎ 

암튼 그냥 주시는 물부터~마지막 디저트까지 정성에 깃들어보이고 맛있어서 만족스런 만찬이였어요!!!",https://naverbooking-phinf.pstatic.net/20220811_118/16602036926138huMQ_JPEG/image.jpg,예약,1,지리
90,가보고 싶었는데 친구들이랑 가봤는데 맛있게 먹고 왔습니당:),https://pup-review-phinf.pstatic.net/MjAyMjA4MDlfMTUw/MDAxNjU5OTc3MjkxMjU1.fi70v3yN-oa1tW6KkFkzS57quIrGk7lIospLPE8joxwg.CMna7RZ5Wx_vqwDpEyjA4Ei6VTodvvxGW0pB5Jqg8Usg.JPEG/upload_93aefe5489fa7286525117bae170c37d.jpeg,영수증,1,지리
91,"음식은 전반적으로 맛있었음. 
특히 옥수수죽과 들깨국수가 맛있었고 전과 마지막 오리주물럭은 간이 많이 쎈편. 막걸리를 마셨다면 간이 적절하다고 느꼈을듯. 술은 45000원짜리 약주로 시켰는데 음식과 페어링이 전혀 안되고 너무 별로였어서 만약 다음에 간다하면 그냥 15000원짜리 막걸리 3잔세트를 주문할듯. 음식의 양은 마지막 오리주물럭과 나온 연잎밥덕에 부족하진 않으나, 1인 45000이라는 가격을 생각하면 서비스로 나온 돈까스꼬치까지는 기본 메뉴로 포함되어야 할 듯. 그리고 연잎밥양 대비 곁들일 오리주물럭 양이 너무 부족함. 막판엔 밥만 반 이상 남음. 자리는 맨 안쪽자리가 좋음.",https://naverbooking-phinf.pstatic.net/20220811_242/1660181454487btE2T_JPEG/image.jpg,예약,1,지리
92,"우선 음식재료 신선하고 지리산 재료를 쓴다고 메뉴판에 적혀있다  전같은것도 바로 앞애서 구워서 주시니 따뜻하게 먹을수있어 조았다 
하지만 가성비는 좋지않은편  토스트 안먹었으면 양이 적을뻔했다 그리고 메밀국수에 들깨장 뿌려먹는 음식이 있는데 앞에서 만드는게 다 보이는데 맨손으로 하는건 코시국에 좀 아닌듯 장갑을 끼고 하시는게 좋을듯  대체적으로 재료의 특성을 잘 살려서 좋았지만 음식설명도 너무빠르고 목소리가 작아서 좀 힘들었다 하지만 친절했음 재방문의사는 없다 송이주는 처음 마셔봤는데 음식과 잘 어울림",https://naverbooking-phinf.pstatic.net/20220731_236/1659268525265ME22A_JPEG/image.jpg,예약,1,지리
93,음식이 맛있고 커플들이 데이트하기 좋은 장소예요.,https://pup-review-phinf.pstatic.net/MjAyMjA3MjVfMjIg/MDAxNjU4Njg2MDI1MzE2.nErAt8YVBvmlcWukCXYz9woz1RlXoYGlz8UqrQFtzjQg.LCliGitQjulntbpCy6F_WvuMLdgeuW40Tz_Q1VdrwZEg.JPEG/upload_583d951f58dd688c9e2848c5e74636b7.jpg,영수증,1,지리
94,메뉴 바뀔 때마다 갈 거예요!! 그리고 토스트 필수......,https://naverbooking-phinf.pstatic.net/20220720_299/16583287254728QKFP_JPEG/image.jpg,예약,1,지리
95,두번째 방문인데 역시나 맛있네요 ^^,https://naverbooking-phinf.pstatic.net/20220722_35/1658458007852EeQEh_JPEG/image.jpg,예약,1,지리
96,분위기가 일단 너무 좋네요 술에 취해 분위기에 취해 그냥 술을 부르네요~ 음식에 대해서 하나하나 설명도 해주니 더 좋드라구요! 그리고 음식도 정갈하니 너무 이뻣습니다!! 너무 만족이요!! 2시간이 너무 짧아요ㅠㅠ 그리고 마지막으로 최강금토스트 꼭 먹어야 합니다! ㅋㅋㅋㅋ 마지막 음식이 나오기전에 미리 시켜야 할듯요 ㅋㅋㅋ ,https://naverbooking-phinf.pstatic.net/20220719_221/1658213014769Pe3EQ_JPEG/image.jpg,예약,1,지리
97,"소중한 사람과 함께하기 좋은 다이닝 이었습니다! 
재방문 의사 또또 있습니당!!! ",https://naverbooking-phinf.pstatic.net/20220708_180/1657251787762egqPP_JPEG/image.jpg,예약,2,지리
98,깔끔하고 친절합니다,https://pup-review-phinf.pstatic.net/MjAyMjA3MDZfODgg/MDAxNjU3MTA4NTY3MTQy.uckcucAp-ukJAbLH4weQNiEPikE7fOI0aASnMwnONMog.CFGQ3p8qv2tzbo5MHWZqX2VyAG06HsbIPce1D4kPnacg.JPEG/upload_b5e01d714e218441703af947a3dd1933.jpg,영수증,1,지리
99,다양한 막걸리를 즐길 수 있었고 전이 특히 맛있습니다.,https://naverbooking-phinf.pstatic.net/20220706_215/16570719355469LLu6_JPEG/image.jpg,예약,1,지리
